SubjectID,StimulusType,response,RT
666,1,0,0
666,1,0,0
666,0,0,0
666,0,0,0
666,1,0,0
666,0,0,0
666,0,0,0
666,1,0,0
666,0,1,0.006537914276123047
666,1,1,0.006747722625732422
