SubjectID,StimulusType,response,RT
666,1,0,0
666,0,1,0.003414154052734375
666,0,1,0.003728151321411133
666,0,0,0
666,1,0,0
666,0,1,0.0031011104583740234
666,0,1,0.0032279491424560547
666,1,1,0.0036187171936035156
666,1,1,0.0033168792724609375
666,1,1,0.0036115646362304688
