SubjectID,StimulusType,response,RT
666,1,0,0
666,0,1,0.0032324790954589844
666,1,1,0.0032982826232910156
666,0,0,0
666,1,1,0.0030107498168945312
666,1,0,0
666,0,0,0
666,0,1,0.003628969192504883
666,0,1,0.0030782222747802734
666,1,1,0.003326892852783203
